{
	"credit": "Made with Blockbench",
	"texture_size": [32, 32],
	"textures": {
		"particle": "item/padlock"
	},
	"elements": [
		{
			"name": "pad",
			"from": [4, 4, 4],
			"to": [12, 12, 12],
			"faces": {
				"north": {"uv": [4, 4, 8, 8], "texture": "#particle"},
				"east": {"uv": [0, 4, 4, 8], "texture": "#particle"},
				"south": {"uv": [12, 4, 16, 8], "texture": "#particle"},
				"west": {"uv": [8, 4, 12, 8], "texture": "#particle"},
				"up": {"uv": [4, 0, 8, 4], "texture": "#particle"},
				"down": {"uv": [4, 8, 8, 12], "texture": "#particle"}
			}
		},
		{
			"from": [5, 14, 7],
			"to": [7, 15, 9],
			"faces": {
				"north": {"uv": [1, 13, 2, 13.5], "texture": "#particle"},
				"east": {"uv": [0, 13, 1, 13.5], "texture": "#particle"},
				"south": {"uv": [3, 13, 4, 13.5], "texture": "#particle"},
				"west": {"uv": [2, 13, 3, 13.5], "texture": "#particle"},
				"up": {"uv": [0, 12, 1, 13], "texture": "#particle"},
				"down": {"uv": [1, 12, 2, 13], "texture": "#particle"}
			}
		},
		{
			"from": [9, 12, 7],
			"to": [11, 15, 9],
			"faces": {
				"north": {"uv": [1, 13, 2, 13.5], "texture": "#particle"},
				"east": {"uv": [0, 13, 1, 13.5], "texture": "#particle"},
				"south": {"uv": [3, 13, 4, 13.5], "texture": "#particle"},
				"west": {"uv": [2, 13, 3, 13.5], "texture": "#particle"},
				"up": {"uv": [0, 12, 1, 13], "texture": "#particle"},
				"down": {"uv": [1, 12, 2, 13], "texture": "#particle"}
			}
		},
		{
			"from": [5, 15, 7],
			"to": [11, 17, 9],
			"faces": {
				"north": {"uv": [12, 15, 15, 16], "texture": "#particle"},
				"east": {"uv": [11, 15, 12, 16], "texture": "#particle"},
				"south": {"uv": [12, 13, 15, 14], "texture": "#particle"},
				"west": {"uv": [15, 15, 16, 16], "texture": "#particle"},
				"up": {"uv": [12, 14, 15, 15], "texture": "#particle"},
				"down": {"uv": [12, 12, 15, 13], "texture": "#particle"}
			}
		}
	],
	"display": {
		"thirdperson_righthand": {
			"scale": [0.45, 0.45, 0.45]
		},
		"thirdperson_lefthand": {
			"scale": [0.45, 0.45, 0.45]
		},
		"firstperson_righthand": {
			"scale": [0.8, 0.8, 0.8]
		},
		"firstperson_lefthand": {
			"scale": [0.8, 0.8, 0.8]
		},
		"ground": {
			"scale": [0.49805, 0.49805, 0.49805]
		},
		"gui": {
			"rotation": [34.25, -135, 0],
			"translation": [0, -0.5, 0],
			"scale": [1.19922, 1.19922, 1.19922]
		},
		"head": {
			"translation": [0, 0.5, 0],
			"scale": [1.78593, 1.78593, 1.78593]
		}
	},
	"groups": [0,
		{
			"name": "lock",
			"origin": [0, 0, 0],
			"children": [1, 2, 3]
		}
	]
}